,uuid,user_id,docid,model,nonfactual_spans,evidence,error_type,summary,dialogue,pos_tags
6,e5b713fb-3e7e-46c9-bf74-d54b5ad7aa96,sanjana,13611734,gpt4-32k-0613,performance of a soccer player,Not found,Extrinsic_Error,"Richie and Clay are discussing the performance of a soccer player named Pogba, who they refer to as ""Pogboom."" They praise his striking ability, and note that they hope his good form lasts. They also mentioned that Pogba has matured this season and that the team''s coach, Jose, trusts him. After a particularly impressive 60 minutes on the pitch, they agreed that Pogba deserved to score and were happy to see him rewarded.","Richie: Pogba
Clay: Pogboom
Richie: what a s strike yoh!
Clay: was off the seat the moment he chopped the ball back to his right foot
Richie: me too dude
Clay: hope his form lasts
Richie: This season he''s more mature
Clay: Yeah, Jose has his trust in him
Richie: everyone does
Clay: yeah, he really deserved to score after his first 60 minutes
Richie: reward
Clay: yeah man
Richie: cool then 
Clay: cool","[('Richie', 'nsubj', 'NNP'), ('and', 'cc', 'CC'), ('Clay', 'conj', 'NNP'), ('are', 'aux', 'VBP'), ('discussing', 'ROOT', 'VBG'), ('the', 'det', 'DT'), ('performance', 'dobj', 'NN'), ('of', 'prep', 'IN'), ('a', 'det', 'DT'), ('soccer', 'compound', 'NN'), ('player', 'pobj', 'NN'), ('named', 'acl', 'VBN'), ('Pogba', 'oprd', 'NNP'), (',', 'punct', ','), ('who', 'pobj', 'WP'), ('they', 'nsubj', 'PRP'), ('refer', 'relcl', 'VBP'), ('to', 'prep', 'IN'), ('as', 'prep', 'IN'), ('""', 'punct', '``'), ('Pogboom', 'pobj', 'NNP'), ('.', 'punct', '.'), ('""', 'punct', ""''""), ('They', 'nsubj', 'PRP'), ('praise', 'ROOT', 'VBP'), ('his', 'poss', 'PRP$'), ('striking', 'amod', 'JJ'), ('ability', 'dobj', 'NN'), (',', 'punct', ','), ('and', 'cc', 'CC'), ('note', 'conj', 'VB'), ('that', 'mark', 'IN'), ('they', 'nsubj', 'PRP'), ('hope', 'ccomp', 'VBP'), ('his', 'poss', 'PRP$'), ('good', 'amod', 'JJ'), ('form', 'nsubj', 'NN'), ('lasts', 'ccomp', 'VBZ'), ('.', 'punct', '.'), ('They', 'nsubj', 'PRP'), ('also', 'advmod', 'RB'), ('mentioned', 'ROOT', 'VBD'), ('that', 'mark', 'IN'), ('Pogba', 'nsubj', 'NNP'), ('has', 'aux', 'VBZ'), ('matured', 'ccomp', 'VBN'), ('this', 'det', 'DT'), ('season', 'npadvmod', 'NN'), ('and', 'cc', 'CC'), ('that', 'mark', 'IN'), ('the', 'det', 'DT'), ('team', 'poss', 'NN'), (""'"", 'case', 'POS'), (""'s"", 'case', 'POS'), ('coach', 'nsubj', 'NN'), (',', 'punct', ','), ('Jose', 'appos', 'NNP'), (',', 'punct', ','), ('trusts', 'conj', 'VBZ'), ('him', 'dobj', 'PRP'), ('.', 'punct', '.'), ('After', 'prep', 'IN'), ('a', 'det', 'DT'), ('particularly', 'advmod', 'RB'), ('impressive', 'amod', 'JJ'), ('60', 'nummod', 'CD'), ('minutes', 'pobj', 'NNS'), ('on', 'prep', 'IN'), ('the', 'det', 'DT'), ('pitch', 'pobj', 'NN'), (',', 'punct', ','), ('they', 'nsubj', 'PRP'), ('agreed', 'ROOT', 'VBD'), ('that', 'mark', 'IN'), ('Pogba', 'nsubj', 'NNP'), ('deserved', 'ccomp', 'VBD'), ('to', 'aux', 'TO'), ('score', 'xcomp', 'VB'), ('and', 'cc', 'CC'), ('were', 'conj', 'VBD'), ('happy', 'acomp', 'JJ'), ('to', 'aux', 'TO'), ('see', 'xcomp', 'VB'), ('him', 'nsubj', 'PRP'), ('rewarded', 'ccomp', 'VBN'), ('.', 'punct', '.')]"
7,1632add2-b82d-4404-8d0e-d30ed74e6ec9,sanjana,13611734,gpt4-32k-0613,on the pitch,Not found,Extrinsic_Error,"Richie and Clay are discussing the performance of a soccer player named Pogba, who they refer to as ""Pogboom."" They praise his striking ability, and note that they hope his good form lasts. They also mentioned that Pogba has matured this season and that the team''s coach, Jose, trusts him. After a particularly impressive 60 minutes on the pitch, they agreed that Pogba deserved to score and were happy to see him rewarded.","Richie: Pogba
Clay: Pogboom
Richie: what a s strike yoh!
Clay: was off the seat the moment he chopped the ball back to his right foot
Richie: me too dude
Clay: hope his form lasts
Richie: This season he''s more mature
Clay: Yeah, Jose has his trust in him
Richie: everyone does
Clay: yeah, he really deserved to score after his first 60 minutes
Richie: reward
Clay: yeah man
Richie: cool then 
Clay: cool","[('Richie', 'nsubj', 'NNP'), ('and', 'cc', 'CC'), ('Clay', 'conj', 'NNP'), ('are', 'aux', 'VBP'), ('discussing', 'ROOT', 'VBG'), ('the', 'det', 'DT'), ('performance', 'dobj', 'NN'), ('of', 'prep', 'IN'), ('a', 'det', 'DT'), ('soccer', 'compound', 'NN'), ('player', 'pobj', 'NN'), ('named', 'acl', 'VBN'), ('Pogba', 'oprd', 'NNP'), (',', 'punct', ','), ('who', 'pobj', 'WP'), ('they', 'nsubj', 'PRP'), ('refer', 'relcl', 'VBP'), ('to', 'prep', 'IN'), ('as', 'prep', 'IN'), ('""', 'punct', '``'), ('Pogboom', 'pobj', 'NNP'), ('.', 'punct', '.'), ('""', 'punct', ""''""), ('They', 'nsubj', 'PRP'), ('praise', 'ROOT', 'VBP'), ('his', 'poss', 'PRP$'), ('striking', 'amod', 'JJ'), ('ability', 'dobj', 'NN'), (',', 'punct', ','), ('and', 'cc', 'CC'), ('note', 'conj', 'VB'), ('that', 'mark', 'IN'), ('they', 'nsubj', 'PRP'), ('hope', 'ccomp', 'VBP'), ('his', 'poss', 'PRP$'), ('good', 'amod', 'JJ'), ('form', 'nsubj', 'NN'), ('lasts', 'ccomp', 'VBZ'), ('.', 'punct', '.'), ('They', 'nsubj', 'PRP'), ('also', 'advmod', 'RB'), ('mentioned', 'ROOT', 'VBD'), ('that', 'mark', 'IN'), ('Pogba', 'nsubj', 'NNP'), ('has', 'aux', 'VBZ'), ('matured', 'ccomp', 'VBN'), ('this', 'det', 'DT'), ('season', 'npadvmod', 'NN'), ('and', 'cc', 'CC'), ('that', 'mark', 'IN'), ('the', 'det', 'DT'), ('team', 'poss', 'NN'), (""'"", 'case', 'POS'), (""'s"", 'case', 'POS'), ('coach', 'nsubj', 'NN'), (',', 'punct', ','), ('Jose', 'appos', 'NNP'), (',', 'punct', ','), ('trusts', 'conj', 'VBZ'), ('him', 'dobj', 'PRP'), ('.', 'punct', '.'), ('After', 'prep', 'IN'), ('a', 'det', 'DT'), ('particularly', 'advmod', 'RB'), ('impressive', 'amod', 'JJ'), ('60', 'nummod', 'CD'), ('minutes', 'pobj', 'NNS'), ('on', 'prep', 'IN'), ('the', 'det', 'DT'), ('pitch', 'pobj', 'NN'), (',', 'punct', ','), ('they', 'nsubj', 'PRP'), ('agreed', 'ROOT', 'VBD'), ('that', 'mark', 'IN'), ('Pogba', 'nsubj', 'NNP'), ('deserved', 'ccomp', 'VBD'), ('to', 'aux', 'TO'), ('score', 'xcomp', 'VB'), ('and', 'cc', 'CC'), ('were', 'conj', 'VBD'), ('happy', 'acomp', 'JJ'), ('to', 'aux', 'TO'), ('see', 'xcomp', 'VB'), ('him', 'nsubj', 'PRP'), ('rewarded', 'ccomp', 'VBN'), ('.', 'punct', '.')]"
10,518f1abd-f108-4df9-b8f2-7a4493ee917b,sanjana,13611884-1,gpt4-32k-0613,including boots and warm jackets,"Nathan: : No, I explained to her that he'll be fine without her these few days, I hope it worked :D
Deborah: : We need to take boots and those warm jackets for the girls, my parents promised them to take them on a trip to the forest
Deborah: : If Sofie wants to take the unicorn we won't have much space in the car XD",Intrinsic_Error,"Nathan and Deborah are planning a family trip and decide to pack everything a day ahead. They''re considering the space required in the car for their daughters'' items, including boots and warm jackets. They plan to bring bicycles for some alone time while the rest of the family hikes. Nathan has a dentist appointment after work the next day and will pick up travel sickness syrup while Deborah picks up their daughters from school. They plan to leave for their trip after a quick meal at home.","Nathan: Hey Honey, what are our plans for tomorrow then?
Deborah: So I''ve been thinking that we should pack everything today, we won''t have time tomorrow
Nathan: Totally true, I started packing my stuff in the bedroom, I also told the girls to start packing too
Deborah: If Sofie wants to take the unicorn we won''t have much space in the car XD
Nathan: No, I explained to her that he''ll be fine without her these few days, I hope it worked :D
Deborah: We need to take boots and those warm jackets for the girls, my parents promised them to take them on a trip to the forest
Nathan: I remember, Lucy was really excited about that. Are we taking the bicycles?
Deborah: Yeah, don''t you think we could use some alone time while the rest of the family is hiking? XD
Nathan: Now you''re talking! We could have a ride to this beautiful cliff where we were last year!
Deborah: Why not, it''s a wonderful idea! :*
Nathan: So tomorrow I''m seeing the dentist after work, you go to pick up the girls from school
Deborah: Yeah, then we meet at home, have a quick bite (you probably won''t, haha!)
Nathan: Thanks Honey, so nice of you to remind me of this! After the quick bite you girls have, we are off!
Deborah: Damn, I forgot to buy this syrup for travel sickness. Will you have time today to do it?
Nathan: Yes, it''s feasible :) I''ll do it on my way from work
Deborah: Wonderful! So see you in the evening then?
Nathan: I should be home around 6, if nothing happens
Deborah: Dinner will be waiting for you in the oven, bye :*","[('Nathan', 'nsubj', 'NNP'), ('and', 'cc', 'CC'), ('Deborah', 'conj', 'NNP'), ('are', 'aux', 'VBP'), ('planning', 'ROOT', 'VBG'), ('a', 'det', 'DT'), ('family', 'compound', 'NN'), ('trip', 'dobj', 'NN'), ('and', 'cc', 'CC'), ('decide', 'conj', 'VB'), ('to', 'aux', 'TO'), ('pack', 'xcomp', 'VB'), ('everything', 'dobj', 'NN'), ('a', 'det', 'DT'), ('day', 'npadvmod', 'NN'), ('ahead', 'advmod', 'RB'), ('.', 'punct', '.'), (""They''re"", 'ROOT', 'NN'), ('considering', 'acl', 'VBG'), ('the', 'det', 'DT'), ('space', 'dobj', 'NN'), ('required', 'acl', 'VBN'), ('in', 'prep', 'IN'), ('the', 'det', 'DT'), ('car', 'pobj', 'NN'), ('for', 'prep', 'IN'), ('their', 'poss', 'PRP$'), ('daughters', 'poss', 'NNS'), (""''"", 'case', ""''""), ('items', 'pobj', 'NNS'), (',', 'punct', ','), ('including', 'prep', 'VBG'), ('boots', 'pobj', 'NNS'), ('and', 'cc', 'CC'), ('warm', 'amod', 'JJ'), ('jackets', 'conj', 'NNS'), ('.', 'punct', '.'), ('They', 'nsubj', 'PRP'), ('plan', 'ROOT', 'VBP'), ('to', 'aux', 'TO'), ('bring', 'xcomp', 'VB'), ('bicycles', 'dobj', 'NNS'), ('for', 'prep', 'IN'), ('some', 'det', 'DT'), ('alone', 'amod', 'JJ'), ('time', 'pobj', 'NN'), ('while', 'mark', 'IN'), ('the', 'det', 'DT'), ('rest', 'advcl', 'NN'), ('of', 'prep', 'IN'), ('the', 'det', 'DT'), ('family', 'compound', 'NN'), ('hikes', 'pobj', 'VBZ'), ('.', 'punct', '.'), ('Nathan', 'nsubj', 'NNP'), ('has', 'ROOT', 'VBZ'), ('a', 'det', 'DT'), ('dentist', 'amod', 'JJ'), ('appointment', 'dobj', 'NN'), ('after', 'prep', 'IN'), ('work', 'pcomp', 'NN'), ('the', 'det', 'DT'), ('next', 'amod', 'JJ'), ('day', 'npadvmod', 'NN'), ('and', 'cc', 'CC'), ('will', 'aux', 'MD'), ('pick', 'conj', 'VB'), ('up', 'prt', 'RP'), ('travel', 'compound', 'NN'), ('sickness', 'compound', 'NN'), ('syrup', 'dobj', 'NN'), ('while', 'mark', 'IN'), ('Deborah', 'nsubj', 'NNP'), ('picks', 'advcl', 'VBZ'), ('up', 'prt', 'RP'), ('their', 'poss', 'PRP$'), ('daughters', 'dobj', 'NNS'), ('from', 'prep', 'IN'), ('school', 'pobj', 'NN'), ('.', 'punct', '.'), ('They', 'nsubj', 'PRP'), ('plan', 'ROOT', 'VBP'), ('to', 'aux', 'TO'), ('leave', 'xcomp', 'VB'), ('for', 'prep', 'IN'), ('their', 'poss', 'PRP$'), ('trip', 'pobj', 'NN'), ('after', 'prep', 'IN'), ('a', 'det', 'DT'), ('quick', 'amod', 'JJ'), ('meal', 'pobj', 'NN'), ('at', 'prep', 'IN'), ('home', 'pobj', 'NN'), ('.', 'punct', '.')]"
12,d612c933-1fa1-49b5-a24c-cc936c4cc5ec,sanjana,13680873,gpt4-32k-0613,"their mutual acquaintance, Aaron",Not found,Extrinsic_Error,"Darcy asked Adam if he had ever been to Egypt due to his extensive travel history. The reason behind her question was that their mutual acquaintance, Aaron, has a connecting flight in Cairo and was contemplating leaving the airport to sightsee for a few hours. Adam advised that it could be a worthwhile visit, as long as Aaron is cautious.","Darcy: have you ever been to Egypt?
Adam: why would you think Ive been to Egypt?
Darcy: you travel a lot
Adam: if you say so, ive only been to a few countries. why do you ask?
Darcy: Aaron has a connecting flight in Cairo and might leave the airport for a few hours to pass the time.
Adam: I see. Should be worthwhile as long as hes careful.
Darcy: thats what im thinking","[('Darcy', 'nsubj', 'NNP'), ('asked', 'ROOT', 'VBD'), ('Adam', 'dobj', 'NNP'), ('if', 'mark', 'IN'), ('he', 'nsubj', 'PRP'), ('had', 'aux', 'VBD'), ('ever', 'advmod', 'RB'), ('been', 'ccomp', 'VBN'), ('to', 'prep', 'IN'), ('Egypt', 'pobj', 'NNP'), ('due', 'prep', 'IN'), ('to', 'pcomp', 'IN'), ('his', 'poss', 'PRP$'), ('extensive', 'amod', 'JJ'), ('travel', 'compound', 'NN'), ('history', 'pobj', 'NN'), ('.', 'punct', '.'), ('The', 'det', 'DT'), ('reason', 'nsubj', 'NN'), ('behind', 'prep', 'IN'), ('her', 'poss', 'PRP$'), ('question', 'pobj', 'NN'), ('was', 'ROOT', 'VBD'), ('that', 'mark', 'IN'), ('their', 'poss', 'PRP$'), ('mutual', 'amod', 'JJ'), ('acquaintance', 'nsubj', 'NN'), (',', 'punct', ','), ('Aaron', 'appos', 'NNP'), (',', 'punct', ','), ('has', 'ccomp', 'VBZ'), ('a', 'det', 'DT'), ('connecting', 'amod', 'VBG'), ('flight', 'dobj', 'NN'), ('in', 'prep', 'IN'), ('Cairo', 'pobj', 'NNP'), ('and', 'cc', 'CC'), ('was', 'aux', 'VBD'), ('contemplating', 'conj', 'VBG'), ('leaving', 'xcomp', 'VBG'), ('the', 'det', 'DT'), ('airport', 'dobj', 'NN'), ('to', 'aux', 'TO'), ('sightsee', 'advcl', 'VB'), ('for', 'prep', 'IN'), ('a', 'det', 'DT'), ('few', 'amod', 'JJ'), ('hours', 'pobj', 'NNS'), ('.', 'punct', '.'), ('Adam', 'nsubj', 'NNP'), ('advised', 'ROOT', 'VBD'), ('that', 'mark', 'IN'), ('it', 'nsubj', 'PRP'), ('could', 'aux', 'MD'), ('be', 'ccomp', 'VB'), ('a', 'det', 'DT'), ('worthwhile', 'amod', 'JJ'), ('visit', 'attr', 'NN'), (',', 'punct', ','), ('as', 'advmod', 'RB'), ('long', 'advmod', 'RB'), ('as', 'mark', 'IN'), ('Aaron', 'nsubj', 'NNP'), ('is', 'advcl', 'VBZ'), ('cautious', 'acomp', 'JJ'), ('.', 'punct', '.')]"
13,0e251ef7-f3cb-4e14-82c3-565a94703037,sanjana,13680968,gpt4-32k-0613,Boris reminds her to initial the change,"Sarah: : Do I need to initial the change?
Boris: : Yes, please come see my assistant at your earliest convenience.",Intrinsic_Error,"Sarah''s request for PTO was denied due to many requests and her relatively low seniority. However, Boris offers her first choice of dates for the following week and promises to consider her if there are any cancellations. Sarah agrees to this compromise, planning for a long weekend the following week. Boris reminds her to initial the change with his assistant and thanks her for her understanding and flexibility.","Boris: Due to the number of PTO requests this week, we had to decide who will be allowed to take off based on seniority. 
Sarah: I understand.
Boris: Unfortunately, you are too low on the totem pole and we will have to deny your request.
Sarah: Oh, that''s too bad! Is there any compromise? I really wanted to have some time with my family.
Boris: I can give you first choice of dates the week after, but that''s the best I can do.
Sarah: What if someone cancels?
Boris: That is a rare, but yes, I will come to you first.
Sarah: Thank you.
Boris: Again, I''m very sorry.
Sarah: Could you amend my request for the following week, Monday through Wednesday?
Boris: Certainly. That should be no problem.
Sarah: That''s great, at least I''ll have a long weekend!
Boris: Very true. No problems from my side.
Sarah: Do I need to initial the change?
Boris: Yes, please come see my assistant at your earliest convenience.
Sarah: Certainly, no problem.
Boris: Thank you for being so flexible.
Sarah: Sure, I understand we can''t all be off. You are just trying to be fair.
Boris: That''s it exactly.
Sarah: Thank you again for explaining it so well.
Boris: My pleasure. Have a nice holiday and enjoy your time off.
Sarah: Thank you!","[('Sarah', 'poss', 'NNP'), (""'"", 'case', 'POS'), (""'s"", 'case', 'POS'), ('request', 'nsubjpass', 'NN'), ('for', 'prep', 'IN'), ('PTO', 'pobj', 'NNP'), ('was', 'auxpass', 'VBD'), ('denied', 'ROOT', 'VBN'), ('due', 'prep', 'IN'), ('to', 'pcomp', 'IN'), ('many', 'amod', 'JJ'), ('requests', 'pobj', 'NNS'), ('and', 'cc', 'CC'), ('her', 'poss', 'PRP$'), ('relatively', 'advmod', 'RB'), ('low', 'amod', 'JJ'), ('seniority', 'conj', 'NN'), ('.', 'punct', '.'), ('However', 'advmod', 'RB'), (',', 'punct', ','), ('Boris', 'nsubj', 'NNP'), ('offers', 'ROOT', 'VBZ'), ('her', 'poss', 'PRP$'), ('first', 'amod', 'JJ'), ('choice', 'dobj', 'NN'), ('of', 'prep', 'IN'), ('dates', 'pobj', 'NNS'), ('for', 'prep', 'IN'), ('the', 'det', 'DT'), ('following', 'amod', 'JJ'), ('week', 'pobj', 'NN'), ('and', 'cc', 'CC'), ('promises', 'conj', 'NNS'), ('to', 'aux', 'TO'), ('consider', 'acl', 'VB'), ('her', 'dobj', 'PRP'), ('if', 'mark', 'IN'), ('there', 'expl', 'EX'), ('are', 'ccomp', 'VBP'), ('any', 'det', 'DT'), ('cancellations', 'attr', 'NNS'), ('.', 'punct', '.'), ('Sarah', 'nsubj', 'NNP'), ('agrees', 'ROOT', 'VBZ'), ('to', 'prep', 'IN'), ('this', 'det', 'DT'), ('compromise', 'pobj', 'NN'), (',', 'punct', ','), ('planning', 'advcl', 'VBG'), ('for', 'prep', 'IN'), ('a', 'det', 'DT'), ('long', 'amod', 'JJ'), ('weekend', 'pobj', 'NN'), ('the', 'det', 'DT'), ('following', 'amod', 'JJ'), ('week', 'npadvmod', 'NN'), ('.', 'punct', '.'), ('Boris', 'nsubj', 'NNP'), ('reminds', 'ROOT', 'VBZ'), ('her', 'dobj', 'PRP'), ('to', 'aux', 'TO'), ('initial', 'xcomp', 'VB'), ('the', 'det', 'DT'), ('change', 'dobj', 'NN'), ('with', 'prep', 'IN'), ('his', 'poss', 'PRP$'), ('assistant', 'pobj', 'NN'), ('and', 'cc', 'CC'), ('thanks', 'conj', 'NNS'), ('her', 'dobj', 'PRP'), ('for', 'prep', 'IN'), ('her', 'poss', 'PRP$'), ('understanding', 'pobj', 'NN'), ('and', 'cc', 'CC'), ('flexibility', 'conj', 'NN'), ('.', 'punct', '.')]"
36,3db1d56f-7cb9-4b23-9c8c-3e1f401d42cd,sanjana,13681482,gpt4-32k-0613,Filip wasn't around,"Derek : McCarthy: Filip - are you around? Would you have an Android cable I could borrow for an hour? I'm almost out of charge and I have a power pack  but forgot my cable
Tommy: : I am in Poland but can ring my wife and she will give you one",Intrinsic_Error,"Derek McCarthy asked if he could borrow an Android cable from Filip, as he had forgotten his and his phone was almost out of charge. However, Filip wasn''t around, but his friend Tommy offered to help. Tommy, who was in Poland, offered to ask his wife, Paulina, to provide a cable. He informed Derek that although she was at work, she would be home around 8:15 pm. Derek thanked Tommy for his help and agreed to the plan.","Derek McCarthy: Filip - are you around? Would you have an Android cable I could borrow for an hour? I''m almost out of charge and I have a power pack  but forgot my cable
Tommy: I am in Poland but can ring my wife and she will give you one
Tommy: Do you want me to?
Tommy: 67 glenoaks close
Derek McCarthy: That would be great if you could!! Otherwise I''m sitting here in the dark for an hour <emoticon_smile>
Tommy: Put it in gps and start driving
Derek McCarthy: <emoticon_thumbup>
Tommy: She might be at work for next 15 min but will help you for sure
Derek McCarthy: Thanks a lot mate
Tommy: Sent her msg. She will give it to you. Approx time when she will be at home is 8:15 pm
Derek McCarthy: Thanks again!! What''s your wife''s name  again??
Tommy: Paulina","[('Derek', 'compound', 'NNP'), ('McCarthy', 'nsubj', 'NNP'), ('asked', 'ROOT', 'VBD'), ('if', 'mark', 'IN'), ('he', 'nsubj', 'PRP'), ('could', 'aux', 'MD'), ('borrow', 'ccomp', 'VB'), ('an', 'det', 'DT'), ('Android', 'compound', 'NNP'), ('cable', 'dobj', 'NN'), ('from', 'prep', 'IN'), ('Filip', 'pobj', 'NNP'), (',', 'punct', ','), ('as', 'mark', 'IN'), ('he', 'nsubj', 'PRP'), ('had', 'aux', 'VBD'), ('forgotten', 'advcl', 'VBN'), ('his', 'dobj', 'PRP$'), ('and', 'cc', 'CC'), ('his', 'poss', 'PRP$'), ('phone', 'nsubj', 'NN'), ('was', 'conj', 'VBD'), ('almost', 'advmod', 'RB'), ('out', 'prep', 'IN'), ('of', 'prep', 'IN'), ('charge', 'pobj', 'NN'), ('.', 'punct', '.'), ('However', 'advmod', 'RB'), (',', 'punct', ','), ('Filip', 'compound', 'NNP'), (""wasn''t"", 'dep', 'NN'), ('around', 'advmod', 'RB'), (',', 'punct', ','), ('but', 'cc', 'CC'), ('his', 'poss', 'PRP$'), ('friend', 'nsubj', 'NN'), ('Tommy', 'appos', 'NNP'), ('offered', 'ROOT', 'VBD'), ('to', 'aux', 'TO'), ('help', 'xcomp', 'VB'), ('.', 'punct', '.'), ('Tommy', 'nsubj', 'NNP'), (',', 'punct', ','), ('who', 'nsubj', 'WP'), ('was', 'relcl', 'VBD'), ('in', 'prep', 'IN'), ('Poland', 'pobj', 'NNP'), (',', 'punct', ','), ('offered', 'ROOT', 'VBN'), ('to', 'aux', 'TO'), ('ask', 'xcomp', 'VB'), ('his', 'poss', 'PRP$'), ('wife', 'dobj', 'NN'), (',', 'punct', ','), ('Paulina', 'appos', 'NNP'), (',', 'punct', ','), ('to', 'aux', 'TO'), ('provide', 'conj', 'VB'), ('a', 'det', 'DT'), ('cable', 'dobj', 'NN'), ('.', 'punct', '.'), ('He', 'nsubj', 'PRP'), ('informed', 'ROOT', 'VBD'), ('Derek', 'dobj', 'NNP'), ('that', 'mark', 'IN'), ('although', 'mark', 'IN'), ('she', 'nsubj', 'PRP'), ('was', 'advcl', 'VBD'), ('at', 'prep', 'IN'), ('work', 'pobj', 'NN'), (',', 'punct', ','), ('she', 'nsubj', 'PRP'), ('would', 'aux', 'MD'), ('be', 'ccomp', 'VB'), ('home', 'advmod', 'RB'), ('around', 'prep', 'IN'), ('8:15', 'nummod', 'CD'), ('pm', 'pobj', 'NN'), ('.', 'punct', '.'), ('Derek', 'nsubj', 'NNP'), ('thanked', 'ROOT', 'VBD'), ('Tommy', 'dobj', 'NNP'), ('for', 'prep', 'IN'), ('his', 'poss', 'PRP$'), ('help', 'pobj', 'NN'), ('and', 'cc', 'CC'), ('agreed', 'conj', 'VBD'), ('to', 'prep', 'IN'), ('the', 'det', 'DT'), ('plan', 'pobj', 'NN'), ('.', 'punct', '.')]"
40,6ad7267d-d27a-4600-9b3d-93f6f9037020,sanjana,13681886,gpt4-32k-0613,She is concerned about possibly spreading the disease to her students,"Stella: : I wanted to come and visit you but I didn't want to get infected by the disease that you've been carrying
Stella: : You know... I'm a teacher, I could spread the disease",Intrinsic_Error,"Stella, a teacher, reaches out to her friend Sandra, who has been ill. She is concerned about possibly spreading the disease to her students. Sandra has started to feel better thanks to some effective medication. Stella offers to take Sandra to the cinema once she fully recovers, wanting to cheer her up. Sandra expresses her desire to watch an action movie, something contrasting her current, bedridden situation. They end their conversation optimistically, promising to reconnect soon.","Stella: Hi Sandra
Stella: Did you recover finally?
Stella: I wanted to come and visit you but I didn''t want to get infected by the disease that you''ve been carrying
Stella: You know... I''m a teacher, I could spread the disease
Sandra: Hello my dear
Sandra: I''m getting better every day but there''s still something left
Sandra: I have some effective medicines now
Sandra: All the drugs that doctors have been prescribing to me so far were useless
Sandra: Now the difference in my well-being is surprisingly considerable
Stella: It''s very nice to here that, I''m so happy for you!
Stella: Hope you''ll be in a perfect health soon
Stella: I want to take you to the cinema
Stella: They have a brilliant repertoire now
Sandra: Oh, I dream of getting out of the house!
Sandra: I used to love laying in the bed for hours, but now I hate it
Stella: I understand
Stella: Just tell me, what kind of movie would you like to watch?
Stella: A romantic comedy, horror, fantasy or something else?
Stella: I''ll do some research in my friends'' midst and try to choose the best option :)
Sandra: I''m dreaming of watching some action movie
Sandra: With all the special effects and dynamic action
Sandra: Something that would be the opposite of my current situation :)
Stella: You got it! :)
Stella: I''ll find something special for you
Stella: So I''m keeping my fingers crossed for your quick recovery
Stella: Talk to you soon! :)
Sandra: Thanks, Stella, my darling. You made my day :)
Sandra: Bye bye","[('Stella', 'nsubj', 'NNP'), (',', 'punct', ','), ('a', 'det', 'DT'), ('teacher', 'appos', 'NN'), (',', 'punct', ','), ('reaches', 'ROOT', 'VBZ'), ('out', 'prt', 'RP'), ('to', 'prep', 'IN'), ('her', 'poss', 'PRP$'), ('friend', 'pobj', 'NN'), ('Sandra', 'appos', 'NNP'), (',', 'punct', ','), ('who', 'nsubj', 'WP'), ('has', 'aux', 'VBZ'), ('been', 'relcl', 'VBN'), ('ill', 'acomp', 'JJ'), ('.', 'punct', '.'), ('She', 'nsubj', 'PRP'), ('is', 'ROOT', 'VBZ'), ('concerned', 'acomp', 'JJ'), ('about', 'prep', 'IN'), ('possibly', 'advmod', 'RB'), ('spreading', 'pcomp', 'VBG'), ('the', 'det', 'DT'), ('disease', 'dobj', 'NN'), ('to', 'prep', 'IN'), ('her', 'poss', 'PRP$'), ('students', 'pobj', 'NNS'), ('.', 'punct', '.'), ('Sandra', 'nsubj', 'NNP'), ('has', 'aux', 'VBZ'), ('started', 'ROOT', 'VBN'), ('to', 'aux', 'TO'), ('feel', 'xcomp', 'VB'), ('better', 'amod', 'JJR'), ('thanks', 'dobj', 'NNS'), ('to', 'prep', 'IN'), ('some', 'det', 'DT'), ('effective', 'amod', 'JJ'), ('medication', 'pobj', 'NN'), ('.', 'punct', '.'), ('Stella', 'nsubj', 'NNP'), ('offers', 'ROOT', 'VBZ'), ('to', 'aux', 'TO'), ('take', 'xcomp', 'VB'), ('Sandra', 'dobj', 'NNP'), ('to', 'prep', 'IN'), ('the', 'det', 'DT'), ('cinema', 'pobj', 'NN'), ('once', 'mark', 'IN'), ('she', 'nsubj', 'PRP'), ('fully', 'advmod', 'RB'), ('recovers', 'advcl', 'VBZ'), (',', 'punct', ','), ('wanting', 'advcl', 'VBG'), ('to', 'aux', 'TO'), ('cheer', 'xcomp', 'VB'), ('her', 'dobj', 'PRP'), ('up', 'prt', 'RP'), ('.', 'punct', '.'), ('Sandra', 'nsubj', 'NNP'), ('expresses', 'ROOT', 'VBZ'), ('her', 'poss', 'PRP$'), ('desire', 'dobj', 'NN'), ('to', 'aux', 'TO'), ('watch', 'acl', 'VB'), ('an', 'det', 'DT'), ('action', 'compound', 'NN'), ('movie', 'dobj', 'NN'), (',', 'punct', ','), ('something', 'dobj', 'NN'), ('contrasting', 'acl', 'VBG'), ('her', 'poss', 'PRP$'), ('current', 'amod', 'JJ'), (',', 'punct', ','), ('bedridden', 'amod', 'JJ'), ('situation', 'dobj', 'NN'), ('.', 'punct', '.'), ('They', 'nsubj', 'PRP'), ('end', 'ROOT', 'VBP'), ('their', 'poss', 'PRP$'), ('conversation', 'dobj', 'NN'), ('optimistically', 'advmod', 'RB'), (',', 'punct', ','), ('promising', 'advcl', 'VBG'), ('to', 'aux', 'TO'), ('reconnect', 'xcomp', 'VB'), ('soon', 'advmod', 'RB'), ('.', 'punct', '.')]"
41,9ae77f56-8e7b-4e91-b5e5-a33e8e5bde40,sanjana,13682217,gpt4-32k-0613, programming language she's been learning for a month,Agata: : Sorry. After just one month of coding I would be like plain English to you :P,Intrinsic_Error,"Guido reaches out to Agata because he doesn''t understand her Facebook posts, which come from her Twitter and are often about JavaScript, a programming language she''s been learning for a month. Although Guido confuses it with Java and compares it to understanding Chinese, he recognizes Agata''s enjoyment in her new interest. Agata''s husband doesn''t mind her new job and there''s a joke about her speaking ""JavaScript"" to him.","Guido: Hi, Agata, are you OK?
Agata: Hi, Guido. Sure, I''m OK :) And you?
Guido: I just have trouble understanding your posts on Facebook. 
Agata: Really?
Guido: Maybe it''s because I don''t know anything about Java? :(
Agata: Thanks for the concern :) All my Twitter posts go to my Facebook account. I think I might change that! 
Guido: Don''t worry :)
Agata: By the way, it''s JavaScript, not Java. Except for the name they really have not much in common :)
Guido: Sounds like Chinese to me :(
Agata: :)
Guido: It''s hard to understand the concept :(
Agata: Sorry. After just one month of coding I would be like plain English to you :P
Guido: I can see that you enjoy it.
Agata: I really do. Finally I found something interesting for me.
Guido: And what about you husband? 
Agata: What about him?
Guido: Doesn''t he complain about your new job?
Agata: Not at all! Why would he? 
Guido: So you don''t speak to him in Chinese language? I mean in JavaScript language, hahahha","[('Guido', 'nsubj', 'NNP'), ('reaches', 'ROOT', 'VBZ'), ('out', 'prt', 'RP'), ('to', 'prep', 'IN'), ('Agata', 'pobj', 'NNP'), ('because', 'mark', 'IN'), ('he', 'nsubj', 'PRP'), (""doesn''t"", 'advmod', 'RB'), ('understand', 'advcl', 'VBP'), ('her', 'poss', 'PRP$'), ('Facebook', 'compound', 'NNP'), ('posts', 'dobj', 'NNS'), (',', 'punct', ','), ('which', 'nsubj', 'WDT'), ('come', 'relcl', 'VBP'), ('from', 'prep', 'IN'), ('her', 'poss', 'PRP$'), ('Twitter', 'pobj', 'NNP'), ('and', 'cc', 'CC'), ('are', 'conj', 'VBP'), ('often', 'advmod', 'RB'), ('about', 'prep', 'IN'), ('JavaScript', 'pobj', 'NNP'), (',', 'punct', ','), ('a', 'det', 'DT'), ('programming', 'compound', 'NN'), ('language', 'appos', 'NN'), ('she', 'nsubj', 'PRP'), (""'"", 'aux', 'VBZ'), (""'s"", 'auxpass', 'VBZ'), ('been', 'aux', 'VBN'), ('learning', 'ccomp', 'VBG'), ('for', 'prep', 'IN'), ('a', 'det', 'DT'), ('month', 'pobj', 'NN'), ('.', 'punct', '.'), ('Although', 'mark', 'IN'), ('Guido', 'nsubj', 'NNP'), ('confuses', 'advcl', 'VBZ'), ('it', 'dobj', 'PRP'), ('with', 'prep', 'IN'), ('Java', 'pobj', 'NNP'), ('and', 'cc', 'CC'), ('compares', 'conj', 'VBZ'), ('it', 'dobj', 'PRP'), ('to', 'prep', 'IN'), ('understanding', 'pcomp', 'VBG'), ('Chinese', 'dobj', 'NNP'), (',', 'punct', ','), ('he', 'nsubj', 'PRP'), ('recognizes', 'ROOT', 'VBZ'), ('Agata', 'poss', 'NNP'), (""'"", 'case', 'POS'), (""'s"", 'case', 'POS'), ('enjoyment', 'dobj', 'NN'), ('in', 'prep', 'IN'), ('her', 'poss', 'PRP$'), ('new', 'amod', 'JJ'), ('interest', 'pobj', 'NN'), ('.', 'punct', '.'), ('Agata', 'poss', 'NNP'), (""'"", 'case', 'POS'), (""'s"", 'case', 'POS'), ('husband', 'nsubj', 'NN'), (""doesn''t"", 'appos', 'NNP'), ('mind', 'ROOT', 'VBP'), ('her', 'poss', 'PRP$'), ('new', 'amod', 'JJ'), ('job', 'dobj', 'NN'), ('and', 'cc', 'CC'), ('there', 'expl', 'EX'), (""'"", 'punct', ""''""), (""'s"", 'conj', 'VBZ'), ('a', 'det', 'DT'), ('joke', 'attr', 'NN'), ('about', 'prep', 'IN'), ('her', 'nsubj', 'PRP'), ('speaking', 'pcomp', 'VBG'), ('""', 'punct', '``'), ('JavaScript', 'dobj', 'NNP'), ('""', 'punct', ""''""), ('to', 'prep', 'IN'), ('him', 'pobj', 'PRP'), ('.', 'punct', '.')]"
47,0f5413eb-0c8d-4a2b-8bb8-496a4c12ac22,sanjana,13682408,gpt4-32k-0613,they decide through a card pack which animal they're drawn to,"Sophie: : you will have to tell me about the fox.. do you decide what your animal is or does someone tell you?
Jenkin: : There is a pack of cards and you choose the one that you are drawn to 
Sophie: : oh right I would choose the Fox
Jenkin: : well I didn't know but I was drawn to the dolphin
Sophie: : oh
Sophie: : oh
Sophie: : oh
Jenkin: : I will bring them over tomorrow",Intrinsic_Error,"Jenkin and Sophie discuss their respective spirit animals, with Sophie identifying with a fox and Jenkin, a dolphin. Jenkin mentions that he''s been reading about spirit animals and they decide through a card pack which animal they''re drawn to. He agrees to bring the cards to show Sophie the next day.","Jenkin: hey what is your spirit animal?
Sophie: what?
Jenkin: go on?
Sophie: I dont know a fox lol
Jenkin: are you wiley?
Sophie: sometimes
Jenkin: I am a dolphin
Sophie: I think you are a bit mad like the mad hatter
Jenkin: I have been reading about animal spirits its quite good
Sophie: you will have to tell me about the fox.. do you decide what your animal is or does someone tell you?
Jenkin: There is a pack of cards and you choose the one that you are drawn to 
Sophie: oh right I would choose the Fox
Jenkin: well I didn''t know but I was drawn to the dolphin
Sophie: oh
Jenkin: I will bring them over tomorrow
Sophie: oh yes please that will be great","[('Jenkin', 'nsubj', 'NNP'), ('and', 'cc', 'CC'), ('Sophie', 'conj', 'NNP'), ('discuss', 'ROOT', 'VBP'), ('their', 'poss', 'PRP$'), ('respective', 'amod', 'JJ'), ('spirit', 'compound', 'NN'), ('animals', 'dobj', 'NNS'), (',', 'punct', ','), ('with', 'prep', 'IN'), ('Sophie', 'nsubj', 'NNP'), ('identifying', 'pcomp', 'VBG'), ('with', 'prep', 'IN'), ('a', 'det', 'DT'), ('fox', 'pobj', 'NN'), ('and', 'cc', 'CC'), ('Jenkin', 'conj', 'NNP'), (',', 'punct', ','), ('a', 'det', 'DT'), ('dolphin', 'appos', 'NN'), ('.', 'punct', '.'), ('Jenkin', 'nsubj', 'NNP'), ('mentions', 'ROOT', 'VBZ'), ('that', 'mark', 'IN'), ('he', 'nsubj', 'PRP'), (""'"", 'aux', 'VBZ'), (""'s"", 'auxpass', 'VBZ'), ('been', 'aux', 'VBN'), ('reading', 'ccomp', 'VBG'), ('about', 'prep', 'IN'), ('spirit', 'compound', 'NN'), ('animals', 'pobj', 'NNS'), ('and', 'cc', 'CC'), ('they', 'nsubj', 'PRP'), ('decide', 'conj', 'VBP'), ('through', 'prep', 'IN'), ('a', 'det', 'DT'), ('card', 'compound', 'NN'), ('pack', 'pobj', 'NN'), ('which', 'det', 'WDT'), ('animal', 'compound', 'NN'), (""they''re"", 'dobj', 'NN'), ('drawn', 'acl', 'VBN'), ('to', 'prep', 'IN'), ('.', 'punct', '.'), ('He', 'nsubj', 'PRP'), ('agrees', 'ROOT', 'VBZ'), ('to', 'aux', 'TO'), ('bring', 'xcomp', 'VB'), ('the', 'det', 'DT'), ('cards', 'dobj', 'NNS'), ('to', 'aux', 'TO'), ('show', 'advcl', 'VB'), ('Sophie', 'dative', 'NNP'), ('the', 'det', 'DT'), ('next', 'amod', 'JJ'), ('day', 'npadvmod', 'NN'), ('.', 'punct', '.')]"
56,947a7901-a419-4664-b0c6-e107e116a5b2,sanjana,13716518,gpt4-32k-0613, Laura initially mentions she received no replies,"Sarah: : omg Laura! sorry you didn't get any replies!!! Did you manage?
Laura: : hahaha! Awksssss... no worries, I solved it",Intrinsic_Error,"The dialogue features Sarah, Laura, and Raf. Laura initially mentions she received no replies, but resolved an issue. Raf apologizes to Laura for forgetting to text her back due to busy hours. Sarah, who is in an island called Linate, is joined by Laura, prompting Laura to ask which hotel Sarah is staying in.","Sarah: omg Laura! sorry you didn''t get any replies!!! Did you manage?
Laura: hahaha! Awksssss... no worries, I solved it
Sarah: awkward silence <crickets>
Laura: hahaha no it''s all good really!!
Raf: Laura, I''m so sorry!!! been so swamped, totally forgot to text you back! where are you??
Sarah: Exotic little island called Linate :D 
Laura: Sarah which hotel are you at??? I''m here too!!!","[('The', 'det', 'DT'), ('dialogue', 'nsubj', 'NN'), ('features', 'ROOT', 'VBZ'), ('Sarah', 'dobj', 'NNP'), (',', 'punct', ','), ('Laura', 'conj', 'NNP'), (',', 'punct', ','), ('and', 'cc', 'CC'), ('Raf', 'conj', 'NNP'), ('.', 'punct', '.'), ('Laura', 'nsubj', 'NNP'), ('initially', 'advmod', 'RB'), ('mentions', 'ROOT', 'VBZ'), ('she', 'nsubj', 'PRP'), ('received', 'ccomp', 'VBD'), ('no', 'det', 'DT'), ('replies', 'dobj', 'NNS'), (',', 'punct', ','), ('but', 'cc', 'CC'), ('resolved', 'conj', 'VBD'), ('an', 'det', 'DT'), ('issue', 'dobj', 'NN'), ('.', 'punct', '.'), ('Raf', 'nsubj', 'NNP'), ('apologizes', 'ROOT', 'VBZ'), ('to', 'prep', 'IN'), ('Laura', 'pobj', 'NNP'), ('for', 'prep', 'IN'), ('forgetting', 'pcomp', 'VBG'), ('to', 'aux', 'TO'), ('text', 'xcomp', 'VB'), ('her', 'dobj', 'PRP'), ('back', 'advmod', 'RB'), ('due', 'prep', 'IN'), ('to', 'pcomp', 'IN'), ('busy', 'amod', 'JJ'), ('hours', 'pobj', 'NNS'), ('.', 'punct', '.'), ('Sarah', 'nsubjpass', 'NNP'), (',', 'punct', ','), ('who', 'nsubj', 'WP'), ('is', 'relcl', 'VBZ'), ('in', 'prep', 'IN'), ('an', 'det', 'DT'), ('island', 'pobj', 'NN'), ('called', 'acl', 'VBN'), ('Linate', 'oprd', 'NNP'), (',', 'punct', ','), ('is', 'auxpass', 'VBZ'), ('joined', 'ROOT', 'VBN'), ('by', 'agent', 'IN'), ('Laura', 'pobj', 'NNP'), (',', 'punct', ','), ('prompting', 'advcl', 'VBG'), ('Laura', 'dobj', 'NNP'), ('to', 'aux', 'TO'), ('ask', 'xcomp', 'VB'), ('which', 'pobj', 'WDT'), ('hotel', 'compound', 'NN'), ('Sarah', 'nsubj', 'NNP'), ('is', 'aux', 'VBZ'), ('staying', 'ccomp', 'VBG'), ('in', 'prep', 'RB'), ('.', 'punct', '.')]"
58,fbfb5dab-fe6a-40a7-94d1-8b5cd55d7890,sanjana,13716726,gpt4-32k-0613," Shanon, Victor, Oliver, and Sid, express their joy that their teacher has been fired","Shanon: : Yeah. So what bout him?
Shanon: : Bt y?
Victor: : He's no longer our teacher :)
Shanon: : What?!",Intrinsic_Error,"The group of students, Shanon, Victor, Oliver, and Sid, express their joy that their teacher has been fired and is no longer employed at their school. They speculate the cause might be due to the teacher''s inability to handle stress or potential substance abuse. There is also a mention of the teacher being physically thrown out of the school.","Shanon: Yeah. So what bout him?
Victor: He''s no longer our teacher :)
Oliver: I''m so happy :)
Sid: Me too!
Shanon: Bt y?
Sid: He got fired 2day and thrown out of school?
Oliver: Literally thrown out!
Shanon: What?!
Victor: I suppose he''s had it and lost it.
Oliver: Or maybe had one too many ;)
Sid: Not. Our. Teacher. Anymore!","[('The', 'det', 'DT'), ('group', 'nsubj', 'NN'), ('of', 'prep', 'IN'), ('students', 'pobj', 'NNS'), (',', 'punct', ','), ('Shanon', 'appos', 'NNP'), (',', 'punct', ','), ('Victor', 'conj', 'NNP'), (',', 'punct', ','), ('Oliver', 'conj', 'NNP'), (',', 'punct', ','), ('and', 'cc', 'CC'), ('Sid', 'conj', 'NNP'), (',', 'punct', ','), ('express', 'ROOT', 'VB'), ('their', 'poss', 'PRP$'), ('joy', 'dobj', 'NN'), ('that', 'mark', 'IN'), ('their', 'poss', 'PRP$'), ('teacher', 'nsubjpass', 'NN'), ('has', 'aux', 'VBZ'), ('been', 'auxpass', 'VBN'), ('fired', 'ccomp', 'VBN'), ('and', 'cc', 'CC'), ('is', 'auxpass', 'VBZ'), ('no', 'neg', 'RB'), ('longer', 'advmod', 'RBR'), ('employed', 'conj', 'VBN'), ('at', 'prep', 'IN'), ('their', 'poss', 'PRP$'), ('school', 'pobj', 'NN'), ('.', 'punct', '.'), ('They', 'nsubj', 'PRP'), ('speculate', 'ROOT', 'VBP'), ('the', 'det', 'DT'), ('cause', 'nsubj', 'NN'), ('might', 'aux', 'MD'), ('be', 'ccomp', 'VB'), ('due', 'acomp', 'JJ'), ('to', 'prep', 'IN'), ('the', 'det', 'DT'), ('teacher', 'poss', 'NN'), (""'"", 'case', 'POS'), (""'s"", 'case', 'POS'), ('inability', 'attr', 'NN'), ('to', 'aux', 'TO'), ('handle', 'acl', 'VB'), ('stress', 'dobj', 'NN'), ('or', 'cc', 'CC'), ('potential', 'amod', 'JJ'), ('substance', 'compound', 'NN'), ('abuse', 'conj', 'NN'), ('.', 'punct', '.'), ('There', 'expl', 'EX'), ('is', 'ROOT', 'VBZ'), ('also', 'advmod', 'RB'), ('a', 'det', 'DT'), ('mention', 'attr', 'NN'), ('of', 'prep', 'IN'), ('the', 'det', 'DT'), ('teacher', 'nsubjpass', 'NN'), ('being', 'auxpass', 'VBG'), ('physically', 'advmod', 'RB'), ('thrown', 'pcomp', 'VBN'), ('out', 'prep', 'IN'), ('of', 'prep', 'IN'), ('the', 'det', 'DT'), ('school', 'pobj', 'NN'), ('.', 'punct', '.')]"
59,5d4a3b8d-818c-4acd-a656-5883c10d55b9,sanjana,13716595,gpt4-32k-0613,urging participants to take it easy,"Atnee: : Ed, take it easy",Intrinsic_Error,"Ed, Valerie, and Jessica emphasized traditional beliefs, suggesting that sex is only appropriate for individuals who are married, only in the missionary style, and exclusively for procreation. Chris, Lor, and Matt, however, challenged these traditional views. Chris suggested that those expressing these traditional beliefs should get married and leave others alone, while Lor jokingly warned of the potential eternal consequences of living a ''sin-free'' life. Matt responded humorously to Ed''s moralizing and teases Ed in response, to which Ed reaffirms his commitment to his beliefs. Atnee played peacekeeper, urging participants to take it easy.","Ed: Sinners!! Sex is for married people
Valerie:  double sin if its anything but missionary style!
Chris: Then you go get married & leave us all alone
Lor: You better hope all non sin living is worth it or your consciousness after death is going to be butt hurt for eternity lol
Atnee: Ed, take it easy
Jessica: And the only purpose for sex is to make babies! !! That''s it, hahaha 
Atnee: Lol
Ed: Valerie , triple sin if you enjoy it!
Jessica: And only for procreation. :-))) And not to be enjoyed. :-)))
Matt: Ed, Ok. See you in hell !! 
Ed: Matt , No you wont. I dont even look on the direction of another man","[('Ed', 'npadvmod', 'NNP'), (',', 'punct', ','), ('Valerie', 'nsubj', 'NNP'), (',', 'punct', ','), ('and', 'cc', 'CC'), ('Jessica', 'conj', 'NNP'), ('emphasized', 'ROOT', 'VBD'), ('traditional', 'amod', 'JJ'), ('beliefs', 'dobj', 'NNS'), (',', 'punct', ','), ('suggesting', 'advcl', 'VBG'), ('that', 'mark', 'IN'), ('sex', 'nsubj', 'NN'), ('is', 'ccomp', 'VBZ'), ('only', 'advmod', 'RB'), ('appropriate', 'acomp', 'JJ'), ('for', 'prep', 'IN'), ('individuals', 'pobj', 'NNS'), ('who', 'nsubj', 'WP'), ('are', 'relcl', 'VBP'), ('married', 'acomp', 'JJ'), (',', 'punct', ','), ('only', 'advmod', 'RB'), ('in', 'prep', 'IN'), ('the', 'det', 'DT'), ('missionary', 'amod', 'JJ'), ('style', 'pobj', 'NN'), (',', 'punct', ','), ('and', 'cc', 'CC'), ('exclusively', 'advmod', 'RB'), ('for', 'conj', 'IN'), ('procreation', 'pobj', 'NN'), ('.', 'punct', '.'), ('Chris', 'npadvmod', 'NNP'), (',', 'punct', ','), ('Lor', 'conj', 'NNP'), (',', 'punct', ','), ('and', 'cc', 'CC'), ('Matt', 'conj', 'NNP'), (',', 'punct', ','), ('however', 'advmod', 'RB'), (',', 'punct', ','), ('challenged', 'ROOT', 'VBD'), ('these', 'det', 'DT'), ('traditional', 'amod', 'JJ'), ('views', 'dobj', 'NNS'), ('.', 'punct', '.'), ('Chris', 'nsubj', 'NNP'), ('suggested', 'ROOT', 'VBD'), ('that', 'mark', 'IN'), ('those', 'nsubjpass', 'DT'), ('expressing', 'acl', 'VBG'), ('these', 'det', 'DT'), ('traditional', 'amod', 'JJ'), ('beliefs', 'dobj', 'NNS'), ('should', 'aux', 'MD'), ('get', 'auxpass', 'VB'), ('married', 'ccomp', 'VBN'), ('and', 'cc', 'CC'), ('leave', 'conj', 'VB'), ('others', 'dobj', 'NNS'), ('alone', 'oprd', 'RB'), (',', 'punct', ','), ('while', 'mark', 'IN'), ('Lor', 'nsubj', 'NNP'), ('jokingly', 'advmod', 'RB'), ('warned', 'advcl', 'VBD'), ('of', 'prep', 'IN'), ('the', 'det', 'DT'), ('potential', 'amod', 'JJ'), ('eternal', 'amod', 'JJ'), ('consequences', 'pobj', 'NNS'), ('of', 'prep', 'IN'), ('living', 'pcomp', 'VBG'), ('a', 'det', 'DT'), (""''"", 'punct', '``'), ('sin', 'npadvmod', 'NN'), ('-', 'punct', 'HYPH'), ('free', 'amod', 'JJ'), (""''"", 'punct', ""''""), ('life', 'dobj', 'NN'), ('.', 'punct', '.'), ('Matt', 'nsubj', 'NNP'), ('responded', 'ROOT', 'VBD'), ('humorously', 'advmod', 'RB'), ('to', 'prep', 'IN'), ('Ed', 'poss', 'NNP'), (""'"", 'case', 'POS'), (""'s"", 'case', 'POS'), ('moralizing', 'pobj', 'NN'), ('and', 'cc', 'CC'), ('teases', 'conj', 'VBZ'), ('Ed', 'dobj', 'NNP'), ('in', 'prep', 'IN'), ('response', 'pobj', 'NN'), (',', 'punct', ','), ('to', 'prep', 'TO'), ('which', 'pobj', 'WDT'), ('Ed', 'nsubj', 'NNP'), ('reaffirms', 'relcl', 'VBZ'), ('his', 'poss', 'PRP$'), ('commitment', 'dobj', 'NN'), ('to', 'prep', 'IN'), ('his', 'poss', 'PRP$'), ('beliefs', 'pobj', 'NNS'), ('.', 'punct', '.'), ('Atnee', 'nsubj', 'NN'), ('played', 'ROOT', 'VBD'), ('peacekeeper', 'dobj', 'NN'), (',', 'punct', ','), ('urging', 'advcl', 'VBG'), ('participants', 'dobj', 'NNS'), ('to', 'aux', 'TO'), ('take', 'xcomp', 'VB'), ('it', 'dobj', 'PRP'), ('easy', 'advmod', 'JJ'), ('.', 'punct', '.')]"
60,e1bae834-c764-44ac-be23-a4d77be2c776,sanjana,13716595,gpt4-32k-0613,urging participants to take it easy,"Atnee: : Ed, take it easy",Intrinsic_Error,"Ed, Valerie, and Jessica emphasized traditional beliefs, suggesting that sex is only appropriate for individuals who are married, only in the missionary style, and exclusively for procreation. Chris, Lor, and Matt, however, challenged these traditional views. Chris suggested that those expressing these traditional beliefs should get married and leave others alone, while Lor jokingly warned of the potential eternal consequences of living a ''sin-free'' life. Matt responded humorously to Ed''s moralizing and teases Ed in response, to which Ed reaffirms his commitment to his beliefs. Atnee played peacekeeper, urging participants to take it easy.","Ed: Sinners!! Sex is for married people
Valerie:  double sin if its anything but missionary style!
Chris: Then you go get married & leave us all alone
Lor: You better hope all non sin living is worth it or your consciousness after death is going to be butt hurt for eternity lol
Atnee: Ed, take it easy
Jessica: And the only purpose for sex is to make babies! !! That''s it, hahaha 
Atnee: Lol
Ed: Valerie , triple sin if you enjoy it!
Jessica: And only for procreation. :-))) And not to be enjoyed. :-)))
Matt: Ed, Ok. See you in hell !! 
Ed: Matt , No you wont. I dont even look on the direction of another man","[('Ed', 'npadvmod', 'NNP'), (',', 'punct', ','), ('Valerie', 'nsubj', 'NNP'), (',', 'punct', ','), ('and', 'cc', 'CC'), ('Jessica', 'conj', 'NNP'), ('emphasized', 'ROOT', 'VBD'), ('traditional', 'amod', 'JJ'), ('beliefs', 'dobj', 'NNS'), (',', 'punct', ','), ('suggesting', 'advcl', 'VBG'), ('that', 'mark', 'IN'), ('sex', 'nsubj', 'NN'), ('is', 'ccomp', 'VBZ'), ('only', 'advmod', 'RB'), ('appropriate', 'acomp', 'JJ'), ('for', 'prep', 'IN'), ('individuals', 'pobj', 'NNS'), ('who', 'nsubj', 'WP'), ('are', 'relcl', 'VBP'), ('married', 'acomp', 'JJ'), (',', 'punct', ','), ('only', 'advmod', 'RB'), ('in', 'prep', 'IN'), ('the', 'det', 'DT'), ('missionary', 'amod', 'JJ'), ('style', 'pobj', 'NN'), (',', 'punct', ','), ('and', 'cc', 'CC'), ('exclusively', 'advmod', 'RB'), ('for', 'conj', 'IN'), ('procreation', 'pobj', 'NN'), ('.', 'punct', '.'), ('Chris', 'npadvmod', 'NNP'), (',', 'punct', ','), ('Lor', 'conj', 'NNP'), (',', 'punct', ','), ('and', 'cc', 'CC'), ('Matt', 'conj', 'NNP'), (',', 'punct', ','), ('however', 'advmod', 'RB'), (',', 'punct', ','), ('challenged', 'ROOT', 'VBD'), ('these', 'det', 'DT'), ('traditional', 'amod', 'JJ'), ('views', 'dobj', 'NNS'), ('.', 'punct', '.'), ('Chris', 'nsubj', 'NNP'), ('suggested', 'ROOT', 'VBD'), ('that', 'mark', 'IN'), ('those', 'nsubjpass', 'DT'), ('expressing', 'acl', 'VBG'), ('these', 'det', 'DT'), ('traditional', 'amod', 'JJ'), ('beliefs', 'dobj', 'NNS'), ('should', 'aux', 'MD'), ('get', 'auxpass', 'VB'), ('married', 'ccomp', 'VBN'), ('and', 'cc', 'CC'), ('leave', 'conj', 'VB'), ('others', 'dobj', 'NNS'), ('alone', 'oprd', 'RB'), (',', 'punct', ','), ('while', 'mark', 'IN'), ('Lor', 'nsubj', 'NNP'), ('jokingly', 'advmod', 'RB'), ('warned', 'advcl', 'VBD'), ('of', 'prep', 'IN'), ('the', 'det', 'DT'), ('potential', 'amod', 'JJ'), ('eternal', 'amod', 'JJ'), ('consequences', 'pobj', 'NNS'), ('of', 'prep', 'IN'), ('living', 'pcomp', 'VBG'), ('a', 'det', 'DT'), (""''"", 'punct', '``'), ('sin', 'npadvmod', 'NN'), ('-', 'punct', 'HYPH'), ('free', 'amod', 'JJ'), (""''"", 'punct', ""''""), ('life', 'dobj', 'NN'), ('.', 'punct', '.'), ('Matt', 'nsubj', 'NNP'), ('responded', 'ROOT', 'VBD'), ('humorously', 'advmod', 'RB'), ('to', 'prep', 'IN'), ('Ed', 'poss', 'NNP'), (""'"", 'case', 'POS'), (""'s"", 'case', 'POS'), ('moralizing', 'pobj', 'NN'), ('and', 'cc', 'CC'), ('teases', 'conj', 'VBZ'), ('Ed', 'dobj', 'NNP'), ('in', 'prep', 'IN'), ('response', 'pobj', 'NN'), (',', 'punct', ','), ('to', 'prep', 'TO'), ('which', 'pobj', 'WDT'), ('Ed', 'nsubj', 'NNP'), ('reaffirms', 'relcl', 'VBZ'), ('his', 'poss', 'PRP$'), ('commitment', 'dobj', 'NN'), ('to', 'prep', 'IN'), ('his', 'poss', 'PRP$'), ('beliefs', 'pobj', 'NNS'), ('.', 'punct', '.'), ('Atnee', 'nsubj', 'NN'), ('played', 'ROOT', 'VBD'), ('peacekeeper', 'dobj', 'NN'), (',', 'punct', ','), ('urging', 'advcl', 'VBG'), ('participants', 'dobj', 'NNS'), ('to', 'aux', 'TO'), ('take', 'xcomp', 'VB'), ('it', 'dobj', 'PRP'), ('easy', 'advmod', 'JJ'), ('.', 'punct', '.')]"
61,86b33373-2120-4cc8-80dc-66e3a247f481,sanjana,13716726,gpt4-32k-0613,"Shanon, Victor, Oliver, and Sid, express their joy that their teacher has been fired","Shanon: : Yeah. So what bout him?
Victor: : He's no longer our teacher :)
Shanon: : Bt y?
Sid: : He got fired 2day and thrown out of school?
Shanon: : What?!",Intrinsic_Error,"The group of students, Shanon, Victor, Oliver, and Sid, express their joy that their teacher has been fired and is no longer employed at their school. They speculate the cause might be due to the teacher''s inability to handle stress or potential substance abuse. There is also a mention of the teacher being physically thrown out of the school.","Shanon: Yeah. So what bout him?
Victor: He''s no longer our teacher :)
Oliver: I''m so happy :)
Sid: Me too!
Shanon: Bt y?
Sid: He got fired 2day and thrown out of school?
Oliver: Literally thrown out!
Shanon: What?!
Victor: I suppose he''s had it and lost it.
Oliver: Or maybe had one too many ;)
Sid: Not. Our. Teacher. Anymore!","[('The', 'det', 'DT'), ('group', 'nsubj', 'NN'), ('of', 'prep', 'IN'), ('students', 'pobj', 'NNS'), (',', 'punct', ','), ('Shanon', 'appos', 'NNP'), (',', 'punct', ','), ('Victor', 'conj', 'NNP'), (',', 'punct', ','), ('Oliver', 'conj', 'NNP'), (',', 'punct', ','), ('and', 'cc', 'CC'), ('Sid', 'conj', 'NNP'), (',', 'punct', ','), ('express', 'ROOT', 'VB'), ('their', 'poss', 'PRP$'), ('joy', 'dobj', 'NN'), ('that', 'mark', 'IN'), ('their', 'poss', 'PRP$'), ('teacher', 'nsubjpass', 'NN'), ('has', 'aux', 'VBZ'), ('been', 'auxpass', 'VBN'), ('fired', 'ccomp', 'VBN'), ('and', 'cc', 'CC'), ('is', 'auxpass', 'VBZ'), ('no', 'neg', 'RB'), ('longer', 'advmod', 'RBR'), ('employed', 'conj', 'VBN'), ('at', 'prep', 'IN'), ('their', 'poss', 'PRP$'), ('school', 'pobj', 'NN'), ('.', 'punct', '.'), ('They', 'nsubj', 'PRP'), ('speculate', 'ROOT', 'VBP'), ('the', 'det', 'DT'), ('cause', 'nsubj', 'NN'), ('might', 'aux', 'MD'), ('be', 'ccomp', 'VB'), ('due', 'acomp', 'JJ'), ('to', 'prep', 'IN'), ('the', 'det', 'DT'), ('teacher', 'poss', 'NN'), (""'"", 'case', 'POS'), (""'s"", 'case', 'POS'), ('inability', 'attr', 'NN'), ('to', 'aux', 'TO'), ('handle', 'acl', 'VB'), ('stress', 'dobj', 'NN'), ('or', 'cc', 'CC'), ('potential', 'amod', 'JJ'), ('substance', 'compound', 'NN'), ('abuse', 'conj', 'NN'), ('.', 'punct', '.'), ('There', 'expl', 'EX'), ('is', 'ROOT', 'VBZ'), ('also', 'advmod', 'RB'), ('a', 'det', 'DT'), ('mention', 'attr', 'NN'), ('of', 'prep', 'IN'), ('the', 'det', 'DT'), ('teacher', 'nsubjpass', 'NN'), ('being', 'auxpass', 'VBG'), ('physically', 'advmod', 'RB'), ('thrown', 'pcomp', 'VBN'), ('out', 'prep', 'IN'), ('of', 'prep', 'IN'), ('the', 'det', 'DT'), ('school', 'pobj', 'NN'), ('.', 'punct', '.')]"
64,8b617613-cdbe-4161-afea-f37037d1a945,sanjana,13717284,gpt4-32k-0613,"Terry, who ended up quitting due to stress-related health problems","Tim: : Quit eventually, but he had trouble sleeping, constantly tired, and turned out to have an ulcer",Intrinsic_Error,"Joe expresses feeling overwhelmed by his job, to which his friends, Tim and Sam, advise him to avoid burning out. They cite the example of their friend, Terry, who ended up quitting due to stress-related health problems. Hearing this, Joe agrees that he needs to slow down.","Joe: This job is wearing me up
Tim: Oh no! I thought you love it
Joe: I do, but because of it they give me more work
Sam: Shit, this sucks man, don''t let it burn you out
Tim: Exactly, like my friend Terry
Joe: What did he do?
Tim: Quit eventually, but he had trouble sleeping, constantly tired, and turned out to have an ulcer
Joe: Fuck! I gotta slow down","[('Joe', 'nsubj', 'NNP'), ('expresses', 'ROOT', 'VBZ'), ('feeling', 'xcomp', 'VBG'), ('overwhelmed', 'acomp', 'JJ'), ('by', 'agent', 'IN'), ('his', 'poss', 'PRP$'), ('job', 'pobj', 'NN'), (',', 'punct', ','), ('to', 'prep', 'TO'), ('which', 'pobj', 'WDT'), ('his', 'poss', 'PRP$'), ('friends', 'nsubj', 'NNS'), (',', 'punct', ','), ('Tim', 'appos', 'NNP'), ('and', 'cc', 'CC'), ('Sam', 'conj', 'NNP'), (',', 'punct', ','), ('advise', 'ccomp', 'VB'), ('him', 'dobj', 'PRP'), ('to', 'aux', 'TO'), ('avoid', 'xcomp', 'VB'), ('burning', 'xcomp', 'VBG'), ('out', 'prt', 'RP'), ('.', 'punct', '.'), ('They', 'nsubj', 'PRP'), ('cite', 'ROOT', 'VBP'), ('the', 'det', 'DT'), ('example', 'dobj', 'NN'), ('of', 'prep', 'IN'), ('their', 'poss', 'PRP$'), ('friend', 'pobj', 'NN'), (',', 'punct', ','), ('Terry', 'appos', 'NNP'), (',', 'punct', ','), ('who', 'nsubj', 'WP'), ('ended', 'relcl', 'VBD'), ('up', 'prt', 'RP'), ('quitting', 'xcomp', 'VBG'), ('due', 'prep', 'IN'), ('to', 'pcomp', 'IN'), ('stress', 'npadvmod', 'NN'), ('-', 'punct', 'HYPH'), ('related', 'amod', 'VBN'), ('health', 'compound', 'NN'), ('problems', 'pobj', 'NNS'), ('.', 'punct', '.'), ('Hearing', 'advcl', 'VBG'), ('this', 'dobj', 'DT'), (',', 'punct', ','), ('Joe', 'nsubj', 'NNP'), ('agrees', 'ROOT', 'VBZ'), ('that', 'mark', 'IN'), ('he', 'nsubj', 'PRP'), ('needs', 'ccomp', 'VBZ'), ('to', 'aux', 'TO'), ('slow', 'xcomp', 'VB'), ('down', 'prt', 'RP'), ('.', 'punct', '.')]"
65,b4e38fed-94fb-42ed-a970-eefbd4cfe9e9,sanjana,13727579,gpt4-32k-0613,agreeing to prepare some food for him,Mum: : I'll wrap something up for you.,Intrinsic_Error,"Steve expressed to his Mum that he was very hungry, to which she responded by agreeing to prepare some food for him. Steve thanked her and expressed gratitude for her help.","Mum: hungry?
Steve: starving...
Mum: I''ll wrap something up for you.
Steve: You''re the best, thank you!","[('Steve', 'nsubj', 'NNP'), ('expressed', 'ROOT', 'VBD'), ('to', 'prep', 'IN'), ('his', 'poss', 'PRP$'), ('Mum', 'pobj', 'NNP'), ('that', 'mark', 'IN'), ('he', 'nsubj', 'PRP'), ('was', 'ccomp', 'VBD'), ('very', 'advmod', 'RB'), ('hungry', 'acomp', 'JJ'), (',', 'punct', ','), ('to', 'prep', 'TO'), ('which', 'pobj', 'WDT'), ('she', 'nsubj', 'PRP'), ('responded', 'advcl', 'VBD'), ('by', 'prep', 'IN'), ('agreeing', 'pcomp', 'VBG'), ('to', 'aux', 'TO'), ('prepare', 'xcomp', 'VB'), ('some', 'det', 'DT'), ('food', 'dobj', 'NN'), ('for', 'dative', 'IN'), ('him', 'pobj', 'PRP'), ('.', 'punct', '.'), ('Steve', 'nsubj', 'NNP'), ('thanked', 'ROOT', 'VBD'), ('her', 'dobj', 'PRP'), ('and', 'cc', 'CC'), ('expressed', 'conj', 'VBD'), ('gratitude', 'dobj', 'NN'), ('for', 'prep', 'IN'), ('her', 'poss', 'PRP$'), ('help', 'pobj', 'NN'), ('.', 'punct', '.')]"
68,8bcab26d-78e0-46ae-89dd-3c4a7ac52039,sanjana,13716905,gpt4-32k-0613,family photo taken during a cousin's wedding,"Chiara: : It's us in Chicago 2 weeks ago.
Lucy: : Wow, you looked stunning!
Yvonne: : Thanks, it was at our cousins wedding.",Intrinsic_Error,"Yvonne and Chiara, two nieces, inquire about the health of their uncle Sam from their aunt Lucy who informs them he''s okay. The two girls express their concern for their uncle''s health, receiving reassurances from their aunt. There''s a brief mention of a family photo taken during a cousin''s wedding in Chicago. The conversation shifts as Lucy asks about their love lives. Chiara reveals that Yvonne is dating a guy from Argentina, causing Yvonne some bashful embarrassment.","Yvonne: How''s uncle Sam?
Lucy: He''s OK, just came back from work.
Chiara: We were worried about him. Dad told us he was in hospital.
Lucy: It''s nothing serious, don''t worry! How kind of you to write to us!
Yvonne: Auntie, you''re like our second parents!
Lucy: <3
Chiara: <file_photo>
Chiara: It''s us in Chicago 2 weeks ago.
Lucy: Wow, you looked stunning! 
Yvonne: Thanks, it was at our cousins wedding.
Lucy: And how are you girls? Any nice boys in sight?
Chiara: Yvonne is dating a hot Argentinian!
Yvonne: Chiara, stop it!
Lucy: Oh, come on! Tell me the details!","[('Yvonne', 'nsubj', 'NNP'), ('and', 'cc', 'CC'), ('Chiara', 'conj', 'NNP'), (',', 'punct', ','), ('two', 'nummod', 'CD'), ('nieces', 'appos', 'NNS'), (',', 'punct', ','), ('inquire', 'ROOT', 'VBP'), ('about', 'prep', 'IN'), ('the', 'det', 'DT'), ('health', 'pobj', 'NN'), ('of', 'prep', 'IN'), ('their', 'poss', 'PRP$'), ('uncle', 'pobj', 'NN'), ('Sam', 'appos', 'NNP'), ('from', 'prep', 'IN'), ('their', 'poss', 'PRP$'), ('aunt', 'pobj', 'NN'), ('Lucy', 'appos', 'NNP'), ('who', 'nsubj', 'WP'), ('informs', 'relcl', 'VBZ'), ('them', 'dobj', 'PRP'), ('he', 'nsubj', 'PRP'), (""'"", 'punct', ""''""), (""'s"", 'ROOT', 'VBZ'), ('okay', 'acomp', 'JJ'), ('.', 'punct', '.'), ('The', 'det', 'DT'), ('two', 'nummod', 'CD'), ('girls', 'nsubj', 'NNS'), ('express', 'ROOT', 'VBP'), ('their', 'poss', 'PRP$'), ('concern', 'dobj', 'NN'), ('for', 'prep', 'IN'), ('their', 'poss', 'PRP$'), ('uncle', 'poss', 'NN'), (""'"", 'punct', 'POS'), (""'s"", 'case', 'POS'), ('health', 'pobj', 'NN'), (',', 'punct', ','), ('receiving', 'advcl', 'VBG'), ('reassurances', 'dobj', 'NNS'), ('from', 'prep', 'IN'), ('their', 'poss', 'PRP$'), ('aunt', 'pobj', 'NN'), ('.', 'punct', '.'), ('There', 'expl', 'EX'), (""'"", 'punct', ""''""), (""'s"", 'ROOT', 'VBZ'), ('a', 'det', 'DT'), ('brief', 'amod', 'JJ'), ('mention', 'attr', 'NN'), ('of', 'prep', 'IN'), ('a', 'det', 'DT'), ('family', 'compound', 'NN'), ('photo', 'pobj', 'NN'), ('taken', 'acl', 'VBN'), ('during', 'prep', 'IN'), ('a', 'det', 'DT'), ('cousin', 'poss', 'NN'), (""'"", 'punct', ""''""), (""'s"", 'case', 'POS'), ('wedding', 'pobj', 'NN'), ('in', 'prep', 'IN'), ('Chicago', 'pobj', 'NNP'), ('.', 'punct', '.'), ('The', 'det', 'DT'), ('conversation', 'compound', 'NN'), ('shifts', 'ROOT', 'NNS'), ('as', 'mark', 'IN'), ('Lucy', 'nsubj', 'NNP'), ('asks', 'advcl', 'VBZ'), ('about', 'prep', 'IN'), ('their', 'poss', 'PRP$'), ('love', 'compound', 'NN'), ('lives', 'pobj', 'VBZ'), ('.', 'punct', '.'), ('Chiara', 'nsubj', 'NNP'), ('reveals', 'ROOT', 'VBZ'), ('that', 'mark', 'IN'), ('Yvonne', 'nsubj', 'NNP'), ('is', 'aux', 'VBZ'), ('dating', 'ccomp', 'VBG'), ('a', 'det', 'DT'), ('guy', 'dobj', 'NN'), ('from', 'prep', 'IN'), ('Argentina', 'pobj', 'NNP'), (',', 'punct', ','), ('causing', 'advcl', 'VBG'), ('Yvonne', 'nsubj', 'NNP'), ('some', 'det', 'DT'), ('bashful', 'amod', 'JJ'), ('embarrassment', 'ccomp', 'NN'), ('.', 'punct', '.')]"
